"id","warehouse_id","storage_types_id","storage_sections_id","activity_areas_id","aisle","stack","level","xcoord","ycoord","zcoord","capacity_weight","capacity_volume","capacity_hu","capacity_hu_type_id","width","height","lenght","restriction_id","lastupdated"
"1","1","7","4","9","11","21","0","16.000","26.000","50.000","1877.436","640.000","1.000","3","80.000","150.000","120.000","3","0000-00-00 00:00:00"
"2","1","2","6","8","5","13","0","10.000","18.000","50.000","1825.248","1208.000","3.000","4","80.000","114.000","120.000","10","0000-00-00 00:00:00"
"3","1","4","4","10","5","25","3","10.000","30.000","53.000","1890.877","822.000","2.000","9","80.000","113.000","120.000","5","0000-00-00 00:00:00"
"4","1","4","9","2","9","12","3","14.000","17.000","53.000","1924.343","742.000","3.000","3","80.000","110.000","120.000","4","0000-00-00 00:00:00"
"5","1","3","8","9","5","14","4","10.000","19.000","54.000","1861.793","1271.000","2.000","2","80.000","134.000","120.000","9","0000-00-00 00:00:00"
"6","1","9","3","8","33","26","2","38.000","31.000","52.000","712.775","1580.000","1.000","8","80.000","138.000","120.000","4","0000-00-00 00:00:00"
"7","1","9","6","8","32","3","4","37.000","8.000","54.000","1051.046","1895.000","2.000","1","80.000","123.000","120.000","10","0000-00-00 00:00:00"
"8","1","8","9","3","6","13","4","11.000","18.000","54.000","1107.526","1938.000","1.000","4","80.000","110.000","120.000","2","0000-00-00 00:00:00"
"9","1","4","5","5","29","24","4","34.000","29.000","54.000","1803.521","1729.000","2.000","2","80.000","126.000","120.000","5","0000-00-00 00:00:00"
"10","1","2","7","3","13","2","1","18.000","7.000","51.000","1201.522","1027.000","2.000","10","80.000","137.000","120.000","10","0000-00-00 00:00:00"
"11","1","8","7","10","3","21","0","8.000","26.000","50.000","1763.457","871.000","3.000","10","80.000","108.000","120.000","1","0000-00-00 00:00:00"
"12","1","4","4","1","5","13","3","10.000","18.000","53.000","605.849","1385.000","1.000","7","80.000","105.000","120.000","10","0000-00-00 00:00:00"
"13","1","4","5","7","35","9","2","40.000","14.000","52.000","1392.540","1864.000","2.000","1","80.000","147.000","120.000","9","0000-00-00 00:00:00"
"14","1","6","8","2","5","14","1","10.000","19.000","51.000","1924.567","918.000","3.000","1","80.000","135.000","120.000","8","0000-00-00 00:00:00"
"15","1","10","10","4","32","5","3","37.000","10.000","53.000","1708.120","1037.000","1.000","10","80.000","129.000","120.000","4","0000-00-00 00:00:00"
"16","1","1","1","4","18","23","2","23.000","28.000","52.000","793.722","1464.000","3.000","10","80.000","123.000","120.000","9","0000-00-00 00:00:00"
"17","1","5","3","1","3","27","0","8.000","32.000","50.000","633.283","1212.000","1.000","3","80.000","112.000","120.000","2","0000-00-00 00:00:00"
"18","1","5","4","6","29","7","0","34.000","12.000","50.000","1783.395","1434.000","2.000","7","80.000","106.000","120.000","5","0000-00-00 00:00:00"
"19","1","10","1","5","1","1","0","6.000","6.000","50.000","1213.264","1189.000","3.000","4","80.000","107.000","120.000","5","0000-00-00 00:00:00"
"20","1","8","9","2","19","27","2","24.000","32.000","52.000","605.267","908.000","2.000","4","80.000","143.000","120.000","4","0000-00-00 00:00:00"
"21","1","6","6","5","28","8","4","33.000","13.000","54.000","1019.514","969.000","2.000","3","80.000","114.000","120.000","6","0000-00-00 00:00:00"
"22","1","7","7","8","5","10","4","10.000","15.000","54.000","868.935","1105.000","1.000","6","80.000","137.000","120.000","6","0000-00-00 00:00:00"
"23","1","5","3","1","31","21","4","36.000","26.000","54.000","1310.487","899.000","1.000","9","80.000","108.000","120.000","5","0000-00-00 00:00:00"
"24","1","4","3","3","40","12","3","45.000","17.000","53.000","1031.637","1787.000","2.000","1","80.000","105.000","120.000","3","0000-00-00 00:00:00"
"25","1","10","9","3","21","5","0","26.000","10.000","50.000","1990.788","1173.000","2.000","4","80.000","131.000","120.000","4","0000-00-00 00:00:00"
"26","1","3","3","8","6","25","3","11.000","30.000","53.000","1558.084","602.000","1.000","4","80.000","132.000","120.000","8","0000-00-00 00:00:00"
"27","1","9","9","3","35","1","4","40.000","6.000","54.000","1890.760","1311.000","1.000","7","80.000","146.000","120.000","3","0000-00-00 00:00:00"
"28","1","5","10","3","3","3","3","8.000","8.000","53.000","1047.871","1073.000","3.000","5","80.000","113.000","120.000","1","0000-00-00 00:00:00"
"29","1","3","10","10","22","18","3","27.000","23.000","53.000","1939.137","1020.000","3.000","10","80.000","103.000","120.000","3","0000-00-00 00:00:00"
"30","1","2","1","3","13","26","0","18.000","31.000","50.000","1558.885","1564.000","2.000","3","80.000","150.000","120.000","4","0000-00-00 00:00:00"
"31","1","2","8","6","22","1","2","27.000","6.000","52.000","1768.498","635.000","2.000","4","80.000","100.000","120.000","4","0000-00-00 00:00:00"
"32","1","10","5","7","31","26","1","36.000","31.000","51.000","832.415","1747.000","1.000","9","80.000","101.000","120.000","4","0000-00-00 00:00:00"
"33","1","3","7","1","34","5","0","39.000","10.000","50.000","1875.506","1847.000","1.000","10","80.000","147.000","120.000","4","0000-00-00 00:00:00"
"34","1","9","8","7","34","28","2","39.000","33.000","52.000","1781.058","891.000","1.000","6","80.000","144.000","120.000","10","0000-00-00 00:00:00"
"35","1","7","8","8","38","17","4","43.000","22.000","54.000","1114.307","1871.000","1.000","3","80.000","115.000","120.000","7","0000-00-00 00:00:00"
"36","1","2","6","1","14","17","3","19.000","22.000","53.000","1021.822","1974.000","2.000","5","80.000","122.000","120.000","4","0000-00-00 00:00:00"
"37","1","10","6","2","6","14","1","11.000","19.000","51.000","1127.024","1126.000","2.000","8","80.000","117.000","120.000","3","0000-00-00 00:00:00"
"38","1","4","10","9","28","18","4","33.000","23.000","54.000","1754.643","1930.000","1.000","1","80.000","101.000","120.000","10","0000-00-00 00:00:00"
"39","1","10","10","7","22","1","4","27.000","6.000","54.000","829.452","1675.000","3.000","8","80.000","124.000","120.000","5","0000-00-00 00:00:00"
"40","1","9","9","9","20","15","4","25.000","20.000","54.000","819.746","633.000","1.000","6","80.000","131.000","120.000","1","0000-00-00 00:00:00"
"41","1","3","7","8","20","14","4","25.000","19.000","54.000","1778.084","1841.000","1.000","8","80.000","146.000","120.000","10","0000-00-00 00:00:00"
"42","1","7","6","10","36","14","2","41.000","19.000","52.000","1140.508","1740.000","2.000","6","80.000","142.000","120.000","7","0000-00-00 00:00:00"
"43","1","8","9","9","34","22","1","39.000","27.000","51.000","1957.641","607.000","1.000","1","80.000","104.000","120.000","3","0000-00-00 00:00:00"
"44","1","4","2","4","19","14","3","24.000","19.000","53.000","1803.651","679.000","1.000","1","80.000","122.000","120.000","7","0000-00-00 00:00:00"
"45","1","8","2","2","20","16","1","25.000","21.000","51.000","1494.442","1834.000","2.000","3","80.000","108.000","120.000","6","0000-00-00 00:00:00"
"46","1","4","6","6","22","23","1","27.000","28.000","51.000","1858.140","1470.000","1.000","9","80.000","115.000","120.000","2","0000-00-00 00:00:00"
"47","1","9","6","2","36","22","1","41.000","27.000","51.000","1731.889","871.000","3.000","3","80.000","120.000","120.000","3","0000-00-00 00:00:00"
"48","1","7","3","4","26","8","0","31.000","13.000","50.000","1213.443","1567.000","1.000","2","80.000","132.000","120.000","6","0000-00-00 00:00:00"
"49","1","4","2","2","29","8","3","34.000","13.000","53.000","1778.237","1455.000","3.000","7","80.000","130.000","120.000","5","0000-00-00 00:00:00"
"50","1","9","8","7","32","10","3","37.000","15.000","53.000","1749.370","1835.000","3.000","3","80.000","105.000","120.000","6","0000-00-00 00:00:00"
"51","1","10","2","7","31","21","1","36.000","26.000","51.000","1477.726","1745.000","3.000","9","80.000","150.000","120.000","5","0000-00-00 00:00:00"
"52","1","5","6","10","11","29","0","16.000","34.000","50.000","1922.218","1094.000","1.000","6","80.000","146.000","120.000","1","0000-00-00 00:00:00"
"53","1","5","9","2","39","5","4","44.000","10.000","54.000","1950.452","1675.000","2.000","4","80.000","106.000","120.000","6","0000-00-00 00:00:00"
"54","1","3","6","8","19","5","4","24.000","10.000","54.000","1507.988","1762.000","3.000","9","80.000","150.000","120.000","1","0000-00-00 00:00:00"
"55","1","4","7","6","21","15","4","26.000","20.000","54.000","828.264","1934.000","2.000","3","80.000","122.000","120.000","1","0000-00-00 00:00:00"
"56","1","10","7","3","26","6","4","31.000","11.000","54.000","1710.002","1987.000","1.000","9","80.000","119.000","120.000","4","0000-00-00 00:00:00"
"57","1","8","5","1","31","12","4","36.000","17.000","54.000","832.557","1543.000","2.000","3","80.000","140.000","120.000","10","0000-00-00 00:00:00"
"58","1","7","10","4","27","8","1","32.000","13.000","51.000","1729.973","1486.000","2.000","3","80.000","111.000","120.000","10","0000-00-00 00:00:00"
"59","1","2","1","8","10","11","4","15.000","16.000","54.000","667.225","894.000","2.000","2","80.000","132.000","120.000","2","0000-00-00 00:00:00"
"60","1","6","7","2","39","11","4","44.000","16.000","54.000","1632.220","1344.000","2.000","5","80.000","121.000","120.000","8","0000-00-00 00:00:00"
"61","1","6","7","7","22","16","1","27.000","21.000","51.000","1361.412","1617.000","3.000","6","80.000","146.000","120.000","3","0000-00-00 00:00:00"
"62","1","6","7","3","28","28","4","33.000","33.000","54.000","1130.908","1264.000","2.000","2","80.000","133.000","120.000","2","0000-00-00 00:00:00"
"63","1","5","10","8","31","4","0","36.000","9.000","50.000","639.288","1462.000","3.000","9","80.000","124.000","120.000","6","0000-00-00 00:00:00"
"64","1","2","10","9","2","5","1","7.000","10.000","51.000","1556.762","1427.000","3.000","6","80.000","148.000","120.000","9","0000-00-00 00:00:00"
"65","1","1","4","10","6","1","1","11.000","6.000","51.000","1529.311","1481.000","2.000","1","80.000","123.000","120.000","3","0000-00-00 00:00:00"
"66","1","4","10","10","22","6","0","27.000","11.000","50.000","1083.991","1032.000","3.000","4","80.000","133.000","120.000","4","0000-00-00 00:00:00"
"67","1","4","10","1","1","19","3","6.000","24.000","53.000","1853.090","795.000","3.000","7","80.000","137.000","120.000","4","0000-00-00 00:00:00"
"68","1","7","8","7","16","28","1","21.000","33.000","51.000","632.051","1594.000","2.000","2","80.000","105.000","120.000","10","0000-00-00 00:00:00"
"69","1","9","1","6","27","18","1","32.000","23.000","51.000","761.249","705.000","1.000","3","80.000","131.000","120.000","3","0000-00-00 00:00:00"
"70","1","2","6","5","39","11","0","44.000","16.000","50.000","924.657","1220.000","2.000","8","80.000","133.000","120.000","1","0000-00-00 00:00:00"
"71","1","1","1","5","37","4","4","42.000","9.000","54.000","1987.154","1869.000","3.000","5","80.000","130.000","120.000","6","0000-00-00 00:00:00"
"72","1","3","2","2","22","6","3","27.000","11.000","53.000","1982.155","1846.000","3.000","2","80.000","120.000","120.000","9","0000-00-00 00:00:00"
"73","1","8","3","3","6","9","3","11.000","14.000","53.000","1716.938","659.000","3.000","10","80.000","100.000","120.000","2","0000-00-00 00:00:00"
"74","1","2","4","6","16","9","4","21.000","14.000","54.000","1714.730","2000.000","2.000","8","80.000","118.000","120.000","1","0000-00-00 00:00:00"
"75","1","7","3","10","10","17","4","15.000","22.000","54.000","1072.258","840.000","3.000","7","80.000","108.000","120.000","10","0000-00-00 00:00:00"
"76","1","4","5","5","26","13","2","31.000","18.000","52.000","1341.688","1904.000","2.000","9","80.000","134.000","120.000","8","0000-00-00 00:00:00"
"77","1","7","8","10","40","3","3","45.000","8.000","53.000","1316.371","957.000","2.000","7","80.000","119.000","120.000","10","0000-00-00 00:00:00"
"78","1","6","1","6","37","25","1","42.000","30.000","51.000","868.097","1148.000","2.000","6","80.000","100.000","120.000","1","0000-00-00 00:00:00"
"79","1","8","3","2","4","16","2","9.000","21.000","52.000","902.821","1478.000","2.000","7","80.000","126.000","120.000","9","0000-00-00 00:00:00"
"80","1","10","10","7","32","16","3","37.000","21.000","53.000","810.774","1195.000","2.000","2","80.000","108.000","120.000","10","0000-00-00 00:00:00"
"81","1","5","3","2","3","13","2","8.000","18.000","52.000","1942.391","1583.000","2.000","4","80.000","125.000","120.000","1","0000-00-00 00:00:00"
"82","1","7","9","6","16","2","2","21.000","7.000","52.000","1927.005","1746.000","1.000","2","80.000","134.000","120.000","1","0000-00-00 00:00:00"
"83","1","3","1","7","34","26","4","39.000","31.000","54.000","647.791","1882.000","2.000","4","80.000","102.000","120.000","4","0000-00-00 00:00:00"
"84","1","1","9","8","20","21","3","25.000","26.000","53.000","1532.567","1788.000","3.000","6","80.000","113.000","120.000","3","0000-00-00 00:00:00"
"85","1","2","1","4","25","26","4","30.000","31.000","54.000","1329.209","1486.000","1.000","10","80.000","101.000","120.000","9","0000-00-00 00:00:00"
"86","1","7","3","2","33","1","4","38.000","6.000","54.000","888.620","1252.000","1.000","2","80.000","126.000","120.000","8","0000-00-00 00:00:00"
"87","1","3","10","9","6","10","2","11.000","15.000","52.000","1499.250","771.000","2.000","9","80.000","123.000","120.000","6","0000-00-00 00:00:00"
"88","1","3","10","5","6","14","4","11.000","19.000","54.000","984.112","1525.000","1.000","10","80.000","137.000","120.000","7","0000-00-00 00:00:00"
"89","1","4","3","4","21","21","3","26.000","26.000","53.000","1017.482","1834.000","3.000","3","80.000","130.000","120.000","5","0000-00-00 00:00:00"
"90","1","8","2","9","29","28","2","34.000","33.000","52.000","1814.936","1520.000","2.000","4","80.000","118.000","120.000","3","0000-00-00 00:00:00"
"91","1","3","2","6","1","25","3","6.000","30.000","53.000","1437.181","1751.000","1.000","8","80.000","112.000","120.000","4","0000-00-00 00:00:00"
"92","1","6","1","2","24","17","2","29.000","22.000","52.000","862.362","840.000","2.000","8","80.000","120.000","120.000","10","0000-00-00 00:00:00"
"93","1","2","9","9","29","12","1","34.000","17.000","51.000","1078.856","1697.000","2.000","6","80.000","136.000","120.000","6","0000-00-00 00:00:00"
"94","1","2","6","2","32","12","3","37.000","17.000","53.000","1485.420","1074.000","2.000","6","80.000","120.000","120.000","6","0000-00-00 00:00:00"
"95","1","1","2","10","39","10","2","44.000","15.000","52.000","795.010","1703.000","1.000","8","80.000","149.000","120.000","3","0000-00-00 00:00:00"
"96","1","1","7","3","5","7","3","10.000","12.000","53.000","1780.917","1084.000","2.000","6","80.000","105.000","120.000","5","0000-00-00 00:00:00"
"97","1","5","6","2","27","7","0","32.000","12.000","50.000","1783.991","1381.000","2.000","1","80.000","107.000","120.000","1","0000-00-00 00:00:00"
"98","1","6","8","7","4","24","4","9.000","29.000","54.000","697.165","1815.000","3.000","1","80.000","124.000","120.000","1","0000-00-00 00:00:00"
"99","1","10","8","4","18","19","0","23.000","24.000","50.000","1957.886","1596.000","3.000","4","80.000","140.000","120.000","4","0000-00-00 00:00:00"
"100","1","9","10","1","34","12","3","39.000","17.000","53.000","1050.681","816.000","2.000","6","80.000","123.000","120.000","4","0000-00-00 00:00:00"
"101","1","9","5","10","2","15","0","7.000","20.000","50.000","1844.974","1268.000","3.000","1","80.000","126.000","120.000","4","0000-00-00 00:00:00"
"102","1","7","6","7","25","20","0","30.000","25.000","50.000","891.365","640.000","2.000","2","80.000","122.000","120.000","1","0000-00-00 00:00:00"
"103","1","6","7","7","33","15","1","38.000","20.000","51.000","813.344","1448.000","3.000","9","80.000","130.000","120.000","10","0000-00-00 00:00:00"
"104","1","9","8","4","29","30","3","34.000","35.000","53.000","1986.474","1483.000","2.000","3","80.000","136.000","120.000","1","0000-00-00 00:00:00"
"105","1","7","5","7","26","29","0","31.000","34.000","50.000","1904.976","1687.000","1.000","1","80.000","141.000","120.000","6","0000-00-00 00:00:00"
"106","1","7","4","4","30","7","4","35.000","12.000","54.000","1179.428","1815.000","2.000","7","80.000","131.000","120.000","9","0000-00-00 00:00:00"
"107","1","2","9","1","13","30","0","18.000","35.000","50.000","853.175","1339.000","1.000","2","80.000","113.000","120.000","6","0000-00-00 00:00:00"
"108","1","4","3","5","10","20","0","15.000","25.000","50.000","1794.009","789.000","1.000","4","80.000","140.000","120.000","10","0000-00-00 00:00:00"
"109","1","8","2","2","4","21","4","9.000","26.000","54.000","1957.695","992.000","2.000","3","80.000","131.000","120.000","2","0000-00-00 00:00:00"
"110","1","6","7","7","29","7","1","34.000","12.000","51.000","726.455","1296.000","2.000","3","80.000","141.000","120.000","7","0000-00-00 00:00:00"
"111","1","6","4","2","29","1","2","34.000","6.000","52.000","1239.625","602.000","2.000","6","80.000","135.000","120.000","9","0000-00-00 00:00:00"
"112","1","6","10","1","16","23","0","21.000","28.000","50.000","1131.667","754.000","2.000","2","80.000","120.000","120.000","7","0000-00-00 00:00:00"
"113","1","5","6","3","32","3","2","37.000","8.000","52.000","661.751","909.000","2.000","9","80.000","105.000","120.000","10","0000-00-00 00:00:00"
"114","1","8","6","1","25","15","2","30.000","20.000","52.000","1522.974","712.000","1.000","4","80.000","114.000","120.000","5","0000-00-00 00:00:00"
"115","1","6","3","3","14","27","4","19.000","32.000","54.000","1124.843","674.000","1.000","2","80.000","146.000","120.000","6","0000-00-00 00:00:00"
"116","1","7","8","5","30","25","3","35.000","30.000","53.000","1453.912","1504.000","2.000","5","80.000","100.000","120.000","8","0000-00-00 00:00:00"
"117","1","7","5","3","10","24","4","15.000","29.000","54.000","681.352","1123.000","1.000","7","80.000","131.000","120.000","6","0000-00-00 00:00:00"
"118","1","8","2","7","3","7","4","8.000","12.000","54.000","1038.439","1402.000","3.000","2","80.000","103.000","120.000","8","0000-00-00 00:00:00"
"119","1","5","9","9","5","14","2","10.000","19.000","52.000","1741.178","1474.000","2.000","2","80.000","103.000","120.000","2","0000-00-00 00:00:00"
"120","1","7","8","1","32","26","0","37.000","31.000","50.000","1919.214","1841.000","3.000","6","80.000","104.000","120.000","7","0000-00-00 00:00:00"
"121","1","9","2","5","38","21","4","43.000","26.000","54.000","945.238","1541.000","2.000","8","80.000","112.000","120.000","5","0000-00-00 00:00:00"
"122","1","6","6","1","4","28","2","9.000","33.000","52.000","1585.092","1661.000","2.000","2","80.000","108.000","120.000","10","0000-00-00 00:00:00"
"123","1","2","8","10","23","3","3","28.000","8.000","53.000","1225.375","1750.000","2.000","1","80.000","111.000","120.000","4","0000-00-00 00:00:00"
"124","1","2","3","4","35","30","1","40.000","35.000","51.000","1057.057","721.000","2.000","2","80.000","141.000","120.000","2","0000-00-00 00:00:00"
"125","1","3","9","9","32","16","1","37.000","21.000","51.000","755.130","1180.000","1.000","9","80.000","120.000","120.000","6","0000-00-00 00:00:00"
"126","1","9","2","3","17","23","4","22.000","28.000","54.000","1504.745","931.000","3.000","5","80.000","142.000","120.000","3","0000-00-00 00:00:00"
"127","1","10","10","3","1","13","2","6.000","18.000","52.000","874.696","941.000","3.000","8","80.000","139.000","120.000","5","0000-00-00 00:00:00"
"128","1","3","3","5","33","7","1","38.000","12.000","51.000","1294.418","1129.000","1.000","10","80.000","149.000","120.000","3","0000-00-00 00:00:00"
"129","1","10","9","2","14","2","2","19.000","7.000","52.000","880.194","1937.000","2.000","6","80.000","140.000","120.000","3","0000-00-00 00:00:00"
"130","1","10","3","2","34","8","1","39.000","13.000","51.000","1140.396","1927.000","3.000","10","80.000","127.000","120.000","3","0000-00-00 00:00:00"
"131","1","2","8","10","10","9","3","15.000","14.000","53.000","1538.029","1165.000","3.000","10","80.000","113.000","120.000","5","0000-00-00 00:00:00"
"132","1","3","6","1","22","16","4","27.000","21.000","54.000","1113.238","1349.000","2.000","3","80.000","133.000","120.000","4","0000-00-00 00:00:00"
"133","1","2","9","2","34","11","1","39.000","16.000","51.000","1414.065","1693.000","2.000","5","80.000","100.000","120.000","7","0000-00-00 00:00:00"
"134","1","8","4","1","15","5","0","20.000","10.000","50.000","828.983","1243.000","1.000","9","80.000","120.000","120.000","2","0000-00-00 00:00:00"
"135","1","10","5","7","33","30","0","38.000","35.000","50.000","1060.288","1504.000","2.000","10","80.000","136.000","120.000","5","0000-00-00 00:00:00"
"136","1","4","1","9","36","10","2","41.000","15.000","52.000","1404.295","943.000","1.000","6","80.000","141.000","120.000","5","0000-00-00 00:00:00"
"137","1","3","3","1","36","11","2","41.000","16.000","52.000","1188.756","1671.000","2.000","9","80.000","109.000","120.000","4","0000-00-00 00:00:00"
"138","1","9","8","9","31","14","0","36.000","19.000","50.000","1871.782","1410.000","3.000","7","80.000","138.000","120.000","5","0000-00-00 00:00:00"
"139","1","4","4","8","31","28","2","36.000","33.000","52.000","791.271","1098.000","1.000","2","80.000","115.000","120.000","9","0000-00-00 00:00:00"
"140","1","8","9","6","19","29","4","24.000","34.000","54.000","948.675","702.000","2.000","5","80.000","147.000","120.000","3","0000-00-00 00:00:00"
"141","1","5","3","4","8","17","2","13.000","22.000","52.000","1293.326","722.000","1.000","6","80.000","145.000","120.000","7","0000-00-00 00:00:00"
"142","1","9","6","2","2","13","3","7.000","18.000","53.000","1096.559","812.000","1.000","10","80.000","136.000","120.000","5","0000-00-00 00:00:00"
"143","1","6","6","5","12","6","3","17.000","11.000","53.000","867.988","1256.000","3.000","6","80.000","110.000","120.000","2","0000-00-00 00:00:00"
"144","1","4","5","7","23","26","2","28.000","31.000","52.000","1657.935","639.000","2.000","9","80.000","119.000","120.000","4","0000-00-00 00:00:00"
"145","1","6","5","4","15","22","4","20.000","27.000","54.000","1989.719","857.000","3.000","4","80.000","149.000","120.000","6","0000-00-00 00:00:00"
"146","1","6","10","3","24","23","2","29.000","28.000","52.000","1178.262","1899.000","3.000","5","80.000","127.000","120.000","7","0000-00-00 00:00:00"
"147","1","7","9","3","1","7","3","6.000","12.000","53.000","1813.209","655.000","1.000","8","80.000","132.000","120.000","9","0000-00-00 00:00:00"
"148","1","1","10","7","39","4","0","44.000","9.000","50.000","1138.768","782.000","1.000","3","80.000","133.000","120.000","8","0000-00-00 00:00:00"
"149","1","2","3","8","33","15","4","38.000","20.000","54.000","1486.643","820.000","2.000","1","80.000","134.000","120.000","6","0000-00-00 00:00:00"
"150","1","9","8","2","15","7","0","20.000","12.000","50.000","1527.855","622.000","2.000","10","80.000","121.000","120.000","5","0000-00-00 00:00:00"
"151","1","9","8","3","32","10","0","37.000","15.000","50.000","721.968","1116.000","1.000","1","80.000","131.000","120.000","6","0000-00-00 00:00:00"
"152","1","4","1","7","8","13","3","13.000","18.000","53.000","719.787","1572.000","2.000","7","80.000","117.000","120.000","7","0000-00-00 00:00:00"
"153","1","2","1","4","33","4","0","38.000","9.000","50.000","1869.629","1890.000","2.000","1","80.000","118.000","120.000","1","0000-00-00 00:00:00"
"154","1","1","9","7","13","28","1","18.000","33.000","51.000","1136.276","1447.000","1.000","10","80.000","143.000","120.000","3","0000-00-00 00:00:00"
"155","1","2","7","7","31","15","2","36.000","20.000","52.000","1003.960","1416.000","2.000","2","80.000","115.000","120.000","2","0000-00-00 00:00:00"
"156","1","8","4","6","32","23","1","37.000","28.000","51.000","1860.997","1251.000","2.000","8","80.000","102.000","120.000","7","0000-00-00 00:00:00"
"157","1","8","2","9","16","5","2","21.000","10.000","52.000","854.885","1103.000","2.000","6","80.000","131.000","120.000","4","0000-00-00 00:00:00"
"158","1","5","1","3","20","12","4","25.000","17.000","54.000","1785.001","1753.000","3.000","1","80.000","120.000","120.000","9","0000-00-00 00:00:00"
"159","1","5","1","7","7","24","1","12.000","29.000","51.000","966.608","1534.000","3.000","1","80.000","141.000","120.000","4","0000-00-00 00:00:00"
"160","1","1","3","7","35","10","1","40.000","15.000","51.000","1334.134","829.000","3.000","2","80.000","112.000","120.000","5","0000-00-00 00:00:00"
"161","1","6","9","5","32","13","4","37.000","18.000","54.000","797.669","719.000","2.000","2","80.000","134.000","120.000","7","0000-00-00 00:00:00"
"162","1","6","5","3","40","4","1","45.000","9.000","51.000","968.938","1240.000","2.000","4","80.000","143.000","120.000","4","0000-00-00 00:00:00"
"163","1","10","8","6","37","7","1","42.000","12.000","51.000","1183.205","1127.000","3.000","7","80.000","120.000","120.000","10","0000-00-00 00:00:00"
"164","1","8","10","3","10","7","2","15.000","12.000","52.000","1983.144","1828.000","1.000","2","80.000","134.000","120.000","1","0000-00-00 00:00:00"
"165","1","7","1","10","32","18","2","37.000","23.000","52.000","1514.653","929.000","3.000","7","80.000","103.000","120.000","1","0000-00-00 00:00:00"
"166","1","8","6","3","31","9","2","36.000","14.000","52.000","1514.863","600.000","2.000","2","80.000","134.000","120.000","4","0000-00-00 00:00:00"
"167","1","3","8","7","13","12","3","18.000","17.000","53.000","988.079","1141.000","1.000","3","80.000","117.000","120.000","5","0000-00-00 00:00:00"
"168","1","3","3","10","2","14","1","7.000","19.000","51.000","860.532","668.000","3.000","8","80.000","135.000","120.000","4","0000-00-00 00:00:00"
"169","1","3","9","9","19","4","1","24.000","9.000","51.000","1182.247","1514.000","2.000","4","80.000","106.000","120.000","8","0000-00-00 00:00:00"
"170","1","6","7","1","14","22","0","19.000","27.000","50.000","1001.960","1444.000","3.000","4","80.000","147.000","120.000","1","0000-00-00 00:00:00"
"171","1","6","7","5","10","21","1","15.000","26.000","51.000","1848.732","932.000","1.000","7","80.000","145.000","120.000","5","0000-00-00 00:00:00"
"172","1","3","9","6","23","2","3","28.000","7.000","53.000","1999.856","1530.000","1.000","2","80.000","135.000","120.000","9","0000-00-00 00:00:00"
"173","1","1","5","2","33","25","1","38.000","30.000","51.000","1205.003","1609.000","3.000","4","80.000","136.000","120.000","3","0000-00-00 00:00:00"
"174","1","4","6","1","6","24","4","11.000","29.000","54.000","1718.987","891.000","1.000","8","80.000","127.000","120.000","1","0000-00-00 00:00:00"
"175","1","7","4","1","40","28","4","45.000","33.000","54.000","1015.269","673.000","2.000","2","80.000","115.000","120.000","8","0000-00-00 00:00:00"
"176","1","10","1","1","9","8","4","14.000","13.000","54.000","944.056","1663.000","2.000","10","80.000","119.000","120.000","10","0000-00-00 00:00:00"
"177","1","6","8","4","39","22","1","44.000","27.000","51.000","1531.389","844.000","1.000","4","80.000","124.000","120.000","2","0000-00-00 00:00:00"
"178","1","10","3","4","28","3","2","33.000","8.000","52.000","1380.647","1205.000","3.000","5","80.000","148.000","120.000","9","0000-00-00 00:00:00"
"179","1","2","7","3","2","12","0","7.000","17.000","50.000","1198.351","619.000","2.000","9","80.000","149.000","120.000","5","0000-00-00 00:00:00"
"180","1","8","10","6","27","9","4","32.000","14.000","54.000","1355.852","1479.000","2.000","9","80.000","105.000","120.000","10","0000-00-00 00:00:00"
"181","1","4","4","7","40","15","4","45.000","20.000","54.000","1476.307","1909.000","3.000","9","80.000","118.000","120.000","6","0000-00-00 00:00:00"
"182","1","5","5","3","25","12","0","30.000","17.000","50.000","966.821","1351.000","2.000","7","80.000","141.000","120.000","2","0000-00-00 00:00:00"
"183","1","5","2","6","16","18","0","21.000","23.000","50.000","1020.534","1766.000","2.000","9","80.000","102.000","120.000","6","0000-00-00 00:00:00"
"184","1","1","9","3","30","22","2","35.000","27.000","52.000","827.390","1826.000","3.000","6","80.000","135.000","120.000","5","0000-00-00 00:00:00"
"185","1","5","2","1","23","3","2","28.000","8.000","52.000","1240.106","751.000","2.000","8","80.000","107.000","120.000","10","0000-00-00 00:00:00"
"186","1","10","4","9","40","13","4","45.000","18.000","54.000","1474.203","750.000","3.000","8","80.000","125.000","120.000","10","0000-00-00 00:00:00"
"187","1","3","5","8","25","6","2","30.000","11.000","52.000","1792.299","1806.000","2.000","6","80.000","124.000","120.000","2","0000-00-00 00:00:00"
"188","1","3","9","10","29","27","0","34.000","32.000","50.000","870.723","1707.000","2.000","4","80.000","102.000","120.000","1","0000-00-00 00:00:00"
"189","1","2","6","1","2","27","2","7.000","32.000","52.000","1606.017","1464.000","2.000","5","80.000","121.000","120.000","4","0000-00-00 00:00:00"
"190","1","4","1","5","27","21","3","32.000","26.000","53.000","1530.307","1085.000","2.000","10","80.000","121.000","120.000","3","0000-00-00 00:00:00"
"191","1","9","3","6","11","21","0","16.000","26.000","50.000","1790.892","1827.000","2.000","8","80.000","139.000","120.000","1","0000-00-00 00:00:00"
"192","1","2","2","8","27","23","1","32.000","28.000","51.000","1435.171","1546.000","1.000","5","80.000","101.000","120.000","8","0000-00-00 00:00:00"
"193","1","1","9","2","24","26","1","29.000","31.000","51.000","626.213","1923.000","1.000","5","80.000","127.000","120.000","7","0000-00-00 00:00:00"
"194","1","1","5","10","12","11","0","17.000","16.000","50.000","1305.382","1775.000","2.000","3","80.000","121.000","120.000","7","0000-00-00 00:00:00"
"195","1","5","9","1","4","14","4","9.000","19.000","54.000","1644.944","660.000","1.000","6","80.000","129.000","120.000","9","0000-00-00 00:00:00"
"196","1","5","2","2","17","2","3","22.000","7.000","53.000","1248.740","609.000","3.000","8","80.000","126.000","120.000","8","0000-00-00 00:00:00"
"197","1","6","6","6","16","13","0","21.000","18.000","50.000","1235.252","682.000","1.000","5","80.000","136.000","120.000","10","0000-00-00 00:00:00"
"198","1","7","9","7","38","26","2","43.000","31.000","52.000","752.981","939.000","3.000","2","80.000","100.000","120.000","1","0000-00-00 00:00:00"
"199","1","6","5","8","12","30","0","17.000","35.000","50.000","836.602","1144.000","1.000","6","80.000","127.000","120.000","9","0000-00-00 00:00:00"
"200","1","1","7","1","33","20","2","38.000","25.000","52.000","1093.526","1121.000","1.000","6","80.000","114.000","120.000","7","0000-00-00 00:00:00"
"201","1","1","7","5","9","19","0","14.000","24.000","50.000","1231.375","711.000","3.000","6","80.000","131.000","120.000","3","0000-00-00 00:00:00"
"202","1","3","1","9","32","30","4","37.000","35.000","54.000","1565.685","1216.000","3.000","1","80.000","104.000","120.000","3","0000-00-00 00:00:00"
"203","1","5","2","2","36","7","1","41.000","12.000","51.000","1112.740","1409.000","2.000","9","80.000","111.000","120.000","6","0000-00-00 00:00:00"
"204","1","5","7","5","23","13","1","28.000","18.000","51.000","911.634","1700.000","3.000","1","80.000","129.000","120.000","3","0000-00-00 00:00:00"
"205","1","6","10","2","36","15","4","41.000","20.000","54.000","998.331","920.000","1.000","10","80.000","128.000","120.000","1","0000-00-00 00:00:00"
"206","1","6","7","10","36","18","0","41.000","23.000","50.000","769.261","870.000","1.000","7","80.000","100.000","120.000","9","0000-00-00 00:00:00"
"207","1","7","2","9","6","30","4","11.000","35.000","54.000","857.302","1145.000","2.000","10","80.000","142.000","120.000","5","0000-00-00 00:00:00"
"208","1","10","6","5","11","10","2","16.000","15.000","52.000","1778.882","1813.000","2.000","7","80.000","142.000","120.000","7","0000-00-00 00:00:00"
"209","1","8","5","1","19","19","4","24.000","24.000","54.000","1958.534","1631.000","3.000","3","80.000","142.000","120.000","5","0000-00-00 00:00:00"
"210","1","6","1","3","27","8","2","32.000","13.000","52.000","1724.864","1693.000","3.000","8","80.000","130.000","120.000","5","0000-00-00 00:00:00"
"211","1","10","2","3","19","17","1","24.000","22.000","51.000","1936.363","710.000","2.000","1","80.000","113.000","120.000","8","0000-00-00 00:00:00"
"212","1","2","2","5","28","17","2","33.000","22.000","52.000","919.192","1966.000","1.000","8","80.000","138.000","120.000","10","0000-00-00 00:00:00"
"213","1","2","1","6","19","10","3","24.000","15.000","53.000","1872.489","1686.000","2.000","5","80.000","116.000","120.000","7","0000-00-00 00:00:00"
"214","1","4","5","4","12","5","3","17.000","10.000","53.000","1541.444","1000.000","1.000","10","80.000","131.000","120.000","10","0000-00-00 00:00:00"
"215","1","1","10","7","18","29","0","23.000","34.000","50.000","972.653","944.000","2.000","9","80.000","109.000","120.000","7","0000-00-00 00:00:00"
"216","1","9","2","6","24","20","0","29.000","25.000","50.000","687.937","790.000","1.000","2","80.000","122.000","120.000","3","0000-00-00 00:00:00"
"217","1","7","4","7","15","11","2","20.000","16.000","52.000","1484.811","1959.000","3.000","7","80.000","121.000","120.000","10","0000-00-00 00:00:00"
"218","1","5","1","4","10","19","4","15.000","24.000","54.000","1904.969","1929.000","1.000","3","80.000","127.000","120.000","9","0000-00-00 00:00:00"
"219","1","2","7","9","21","6","0","26.000","11.000","50.000","1673.074","1847.000","1.000","7","80.000","131.000","120.000","7","0000-00-00 00:00:00"
"220","1","5","7","3","9","25","1","14.000","30.000","51.000","1558.868","618.000","1.000","5","80.000","148.000","120.000","8","0000-00-00 00:00:00"
"221","1","7","10","10","28","21","2","33.000","26.000","52.000","1389.953","1704.000","1.000","4","80.000","125.000","120.000","1","0000-00-00 00:00:00"
"222","1","9","6","3","24","13","3","29.000","18.000","53.000","1004.265","1322.000","2.000","4","80.000","142.000","120.000","4","0000-00-00 00:00:00"
"223","1","4","3","6","11","12","4","16.000","17.000","54.000","1183.262","1403.000","2.000","2","80.000","136.000","120.000","6","0000-00-00 00:00:00"
"224","1","10","5","5","3","23","4","8.000","28.000","54.000","866.487","1815.000","2.000","8","80.000","108.000","120.000","10","0000-00-00 00:00:00"
"225","1","6","10","8","34","29","3","39.000","34.000","53.000","1951.362","1409.000","3.000","4","80.000","143.000","120.000","4","0000-00-00 00:00:00"
"226","1","10","2","9","4","19","4","9.000","24.000","54.000","1838.951","672.000","3.000","2","80.000","100.000","120.000","4","0000-00-00 00:00:00"
"227","1","9","7","7","12","3","1","17.000","8.000","51.000","988.740","956.000","2.000","5","80.000","149.000","120.000","4","0000-00-00 00:00:00"
"228","1","5","2","2","27","19","2","32.000","24.000","52.000","1387.475","607.000","2.000","9","80.000","114.000","120.000","9","0000-00-00 00:00:00"
"229","1","2","10","1","25","5","4","30.000","10.000","54.000","1015.298","1026.000","1.000","10","80.000","110.000","120.000","5","0000-00-00 00:00:00"
"230","1","6","6","2","31","5","0","36.000","10.000","50.000","1659.146","1695.000","2.000","1","80.000","117.000","120.000","9","0000-00-00 00:00:00"
"231","1","1","1","5","6","14","2","11.000","19.000","52.000","1526.620","1005.000","2.000","1","80.000","143.000","120.000","8","0000-00-00 00:00:00"
"232","1","9","5","8","36","24","4","41.000","29.000","54.000","1824.757","940.000","1.000","4","80.000","112.000","120.000","7","0000-00-00 00:00:00"
"233","1","6","1","5","13","18","4","18.000","23.000","54.000","1753.370","1203.000","2.000","10","80.000","146.000","120.000","5","0000-00-00 00:00:00"
"234","1","9","8","6","12","17","3","17.000","22.000","53.000","1343.332","657.000","3.000","4","80.000","114.000","120.000","9","0000-00-00 00:00:00"
"235","1","1","10","5","2","14","1","7.000","19.000","51.000","1742.890","1858.000","2.000","5","80.000","103.000","120.000","6","0000-00-00 00:00:00"
"236","1","3","9","10","32","23","1","37.000","28.000","51.000","1794.134","1833.000","2.000","7","80.000","132.000","120.000","5","0000-00-00 00:00:00"
"237","1","4","5","8","39","29","0","44.000","34.000","50.000","1583.009","725.000","2.000","10","80.000","150.000","120.000","6","0000-00-00 00:00:00"
"238","1","4","5","8","24","24","2","29.000","29.000","52.000","1316.650","1383.000","1.000","2","80.000","103.000","120.000","6","0000-00-00 00:00:00"
"239","1","1","6","1","24","17","0","29.000","22.000","50.000","1693.900","859.000","2.000","8","80.000","140.000","120.000","10","0000-00-00 00:00:00"
"240","1","5","8","4","28","23","3","33.000","28.000","53.000","1130.185","757.000","3.000","8","80.000","106.000","120.000","3","0000-00-00 00:00:00"
"241","1","8","6","9","36","8","3","41.000","13.000","53.000","714.483","1459.000","3.000","8","80.000","129.000","120.000","9","0000-00-00 00:00:00"
"242","1","7","1","1","23","19","3","28.000","24.000","53.000","1472.839","1724.000","3.000","10","80.000","112.000","120.000","9","0000-00-00 00:00:00"
"243","1","4","4","5","4","16","2","9.000","21.000","52.000","1978.515","1926.000","3.000","3","80.000","100.000","120.000","8","0000-00-00 00:00:00"
"244","1","8","6","7","20","17","1","25.000","22.000","51.000","1678.994","1932.000","3.000","8","80.000","107.000","120.000","3","0000-00-00 00:00:00"
"245","1","8","8","10","39","5","3","44.000","10.000","53.000","1971.537","1214.000","3.000","4","80.000","133.000","120.000","6","0000-00-00 00:00:00"
"246","1","9","9","1","35","2","0","40.000","7.000","50.000","1550.253","1002.000","2.000","10","80.000","130.000","120.000","7","0000-00-00 00:00:00"
"247","1","9","5","2","4","7","2","9.000","12.000","52.000","1770.481","999.000","2.000","8","80.000","136.000","120.000","7","0000-00-00 00:00:00"
"248","1","5","9","7","12","25","3","17.000","30.000","53.000","1594.444","1682.000","2.000","6","80.000","106.000","120.000","1","0000-00-00 00:00:00"
"249","1","2","1","8","14","4","1","19.000","9.000","51.000","1361.782","1796.000","3.000","7","80.000","106.000","120.000","3","0000-00-00 00:00:00"
"250","1","4","8","1","6","29","2","11.000","34.000","52.000","1469.733","1228.000","1.000","6","80.000","146.000","120.000","10","0000-00-00 00:00:00"
"251","1","8","8","3","15","14","1","20.000","19.000","51.000","1789.757","1370.000","1.000","6","80.000","101.000","120.000","2","0000-00-00 00:00:00"
"252","1","5","3","2","30","25","4","35.000","30.000","54.000","1852.947","957.000","3.000","5","80.000","126.000","120.000","7","0000-00-00 00:00:00"
"253","1","2","8","4","31","28","1","36.000","33.000","51.000","778.451","1262.000","3.000","5","80.000","124.000","120.000","8","0000-00-00 00:00:00"
"254","1","7","2","5","11","28","0","16.000","33.000","50.000","971.460","1693.000","2.000","6","80.000","104.000","120.000","10","0000-00-00 00:00:00"
"255","1","5","1","3","8","3","2","13.000","8.000","52.000","1645.258","1772.000","2.000","4","80.000","111.000","120.000","7","0000-00-00 00:00:00"
"256","1","6","3","9","36","22","2","41.000","27.000","52.000","724.430","1978.000","2.000","7","80.000","122.000","120.000","5","0000-00-00 00:00:00"
"257","1","4","5","3","3","19","3","8.000","24.000","53.000","1106.052","1807.000","1.000","5","80.000","122.000","120.000","9","0000-00-00 00:00:00"
"258","1","4","4","1","37","18","3","42.000","23.000","53.000","600.855","899.000","1.000","9","80.000","124.000","120.000","3","0000-00-00 00:00:00"
"259","1","9","1","9","3","30","0","8.000","35.000","50.000","813.974","616.000","3.000","5","80.000","143.000","120.000","10","0000-00-00 00:00:00"
"260","1","4","8","4","39","27","2","44.000","32.000","52.000","1025.964","1567.000","3.000","5","80.000","118.000","120.000","4","0000-00-00 00:00:00"
"261","1","4","4","1","38","7","3","43.000","12.000","53.000","1123.242","959.000","3.000","6","80.000","111.000","120.000","5","0000-00-00 00:00:00"
"262","1","5","2","8","19","18","1","24.000","23.000","51.000","1288.789","1824.000","3.000","9","80.000","129.000","120.000","1","0000-00-00 00:00:00"
"263","1","10","7","5","3","18","4","8.000","23.000","54.000","736.861","1170.000","2.000","10","80.000","104.000","120.000","3","0000-00-00 00:00:00"
"264","1","1","8","5","32","19","0","37.000","24.000","50.000","1468.815","805.000","2.000","7","80.000","117.000","120.000","7","0000-00-00 00:00:00"
"265","1","3","3","4","14","22","1","19.000","27.000","51.000","1703.059","1692.000","2.000","1","80.000","127.000","120.000","2","0000-00-00 00:00:00"
"266","1","7","4","7","37","5","3","42.000","10.000","53.000","1026.327","806.000","3.000","6","80.000","145.000","120.000","4","0000-00-00 00:00:00"
"267","1","5","2","10","21","5","1","26.000","10.000","51.000","745.951","910.000","3.000","3","80.000","131.000","120.000","6","0000-00-00 00:00:00"
"268","1","9","9","1","37","11","4","42.000","16.000","54.000","1888.044","1722.000","3.000","1","80.000","119.000","120.000","6","0000-00-00 00:00:00"
"269","1","9","7","5","26","22","2","31.000","27.000","52.000","628.986","803.000","1.000","9","80.000","133.000","120.000","7","0000-00-00 00:00:00"
"270","1","7","2","2","30","8","0","35.000","13.000","50.000","1631.872","940.000","1.000","10","80.000","148.000","120.000","7","0000-00-00 00:00:00"
"271","1","10","2","5","20","30","1","25.000","35.000","51.000","1418.509","1221.000","1.000","8","80.000","138.000","120.000","10","0000-00-00 00:00:00"
"272","1","4","9","8","17","30","4","22.000","35.000","54.000","1056.011","1485.000","2.000","10","80.000","118.000","120.000","1","0000-00-00 00:00:00"
"273","1","5","2","10","31","28","3","36.000","33.000","53.000","1624.401","1966.000","1.000","5","80.000","114.000","120.000","2","0000-00-00 00:00:00"
"274","1","8","4","2","15","23","3","20.000","28.000","53.000","693.115","1512.000","1.000","7","80.000","149.000","120.000","9","0000-00-00 00:00:00"
"275","1","2","10","7","35","8","1","40.000","13.000","51.000","1050.225","1527.000","1.000","10","80.000","126.000","120.000","7","0000-00-00 00:00:00"
"276","1","2","1","2","19","5","3","24.000","10.000","53.000","1235.370","1829.000","3.000","9","80.000","150.000","120.000","4","0000-00-00 00:00:00"
"277","1","6","8","9","21","11","0","26.000","16.000","50.000","1266.351","852.000","3.000","8","80.000","147.000","120.000","2","0000-00-00 00:00:00"
"278","1","4","7","6","29","14","0","34.000","19.000","50.000","1319.265","937.000","3.000","5","80.000","138.000","120.000","8","0000-00-00 00:00:00"
"279","1","10","7","3","9","20","4","14.000","25.000","54.000","1987.262","1550.000","3.000","10","80.000","112.000","120.000","3","0000-00-00 00:00:00"
"280","1","10","7","1","38","8","0","43.000","13.000","50.000","709.326","807.000","1.000","10","80.000","123.000","120.000","8","0000-00-00 00:00:00"
"281","1","2","5","1","16","9","0","21.000","14.000","50.000","1670.451","750.000","1.000","8","80.000","118.000","120.000","4","0000-00-00 00:00:00"
"282","1","7","2","5","16","9","4","21.000","14.000","54.000","1539.953","1046.000","1.000","7","80.000","100.000","120.000","1","0000-00-00 00:00:00"
"283","1","8","9","10","26","15","2","31.000","20.000","52.000","1027.870","1137.000","3.000","9","80.000","150.000","120.000","8","0000-00-00 00:00:00"
"284","1","2","2","8","11","22","1","16.000","27.000","51.000","605.164","939.000","2.000","7","80.000","127.000","120.000","9","0000-00-00 00:00:00"
"285","1","4","3","2","2","5","3","7.000","10.000","53.000","1682.537","614.000","3.000","4","80.000","107.000","120.000","7","0000-00-00 00:00:00"
"286","1","3","2","8","8","2","3","13.000","7.000","53.000","1013.457","1997.000","2.000","1","80.000","116.000","120.000","7","0000-00-00 00:00:00"
"287","1","2","7","7","18","23","3","23.000","28.000","53.000","1184.526","1490.000","1.000","2","80.000","144.000","120.000","5","0000-00-00 00:00:00"
"288","1","3","2","7","39","3","3","44.000","8.000","53.000","1718.294","1289.000","3.000","1","80.000","129.000","120.000","3","0000-00-00 00:00:00"
"289","1","7","1","2","14","13","3","19.000","18.000","53.000","1624.713","1545.000","2.000","8","80.000","145.000","120.000","5","0000-00-00 00:00:00"
"290","1","1","5","4","34","6","2","39.000","11.000","52.000","1840.638","1946.000","2.000","6","80.000","102.000","120.000","2","0000-00-00 00:00:00"
"291","1","6","9","1","31","19","3","36.000","24.000","53.000","1984.049","1843.000","3.000","7","80.000","130.000","120.000","3","0000-00-00 00:00:00"
"292","1","10","8","10","40","24","0","45.000","29.000","50.000","1552.577","1272.000","3.000","1","80.000","130.000","120.000","6","0000-00-00 00:00:00"
"293","1","7","4","5","34","5","3","39.000","10.000","53.000","1850.285","1516.000","3.000","6","80.000","116.000","120.000","3","0000-00-00 00:00:00"
"294","1","10","8","5","39","27","2","44.000","32.000","52.000","1344.368","877.000","3.000","4","80.000","137.000","120.000","1","0000-00-00 00:00:00"
"295","1","6","3","6","31","16","1","36.000","21.000","51.000","839.402","957.000","3.000","8","80.000","119.000","120.000","3","0000-00-00 00:00:00"
"296","1","2","3","5","6","4","4","11.000","9.000","54.000","1008.936","1808.000","3.000","3","80.000","127.000","120.000","6","0000-00-00 00:00:00"
"297","1","4","3","10","24","14","1","29.000","19.000","51.000","1256.818","1779.000","3.000","1","80.000","110.000","120.000","7","0000-00-00 00:00:00"
"298","1","7","8","2","9","16","0","14.000","21.000","50.000","1864.914","1198.000","2.000","4","80.000","145.000","120.000","8","0000-00-00 00:00:00"
"299","1","6","8","10","11","26","1","16.000","31.000","51.000","1562.719","1748.000","3.000","4","80.000","101.000","120.000","1","0000-00-00 00:00:00"
"300","1","10","7","10","36","14","3","41.000","19.000","53.000","1877.995","1482.000","2.000","6","80.000","120.000","120.000","9","0000-00-00 00:00:00"
"301","1","10","2","5","6","6","4","11.000","11.000","54.000","1814.674","939.000","2.000","1","80.000","104.000","120.000","9","0000-00-00 00:00:00"
"302","1","7","10","1","21","1","3","26.000","6.000","53.000","1036.217","1237.000","3.000","9","80.000","128.000","120.000","6","0000-00-00 00:00:00"
"303","1","7","10","9","24","25","1","29.000","30.000","51.000","1764.856","1464.000","1.000","7","80.000","118.000","120.000","10","0000-00-00 00:00:00"
"304","1","4","7","7","35","26","0","40.000","31.000","50.000","699.512","668.000","3.000","6","80.000","113.000","120.000","10","0000-00-00 00:00:00"
"305","1","5","6","6","28","20","2","33.000","25.000","52.000","684.777","613.000","3.000","10","80.000","100.000","120.000","1","0000-00-00 00:00:00"
"306","1","2","8","9","7","10","3","12.000","15.000","53.000","1039.973","2000.000","2.000","1","80.000","140.000","120.000","2","0000-00-00 00:00:00"
"307","1","3","10","9","18","13","1","23.000","18.000","51.000","703.377","1664.000","2.000","5","80.000","130.000","120.000","4","0000-00-00 00:00:00"
"308","1","6","8","6","36","4","1","41.000","9.000","51.000","1737.161","966.000","2.000","10","80.000","146.000","120.000","4","0000-00-00 00:00:00"
"309","1","6","10","1","21","22","4","26.000","27.000","54.000","821.852","1482.000","1.000","1","80.000","112.000","120.000","5","0000-00-00 00:00:00"
"310","1","8","6","6","12","21","4","17.000","26.000","54.000","1103.328","729.000","2.000","2","80.000","123.000","120.000","10","0000-00-00 00:00:00"
"311","1","1","2","4","21","27","0","26.000","32.000","50.000","975.075","1085.000","1.000","4","80.000","139.000","120.000","10","0000-00-00 00:00:00"
"312","1","5","8","8","12","28","2","17.000","33.000","52.000","683.751","1887.000","3.000","10","80.000","117.000","120.000","9","0000-00-00 00:00:00"
"313","1","6","4","2","22","13","2","27.000","18.000","52.000","1729.107","1896.000","2.000","3","80.000","122.000","120.000","7","0000-00-00 00:00:00"
"314","1","10","9","2","19","10","4","24.000","15.000","54.000","1380.139","1196.000","2.000","7","80.000","133.000","120.000","5","0000-00-00 00:00:00"
"315","1","1","5","5","6","20","1","11.000","25.000","51.000","753.638","984.000","2.000","2","80.000","135.000","120.000","9","0000-00-00 00:00:00"
"316","1","9","5","8","20","10","3","25.000","15.000","53.000","649.948","1831.000","1.000","2","80.000","110.000","120.000","7","0000-00-00 00:00:00"
"317","1","2","9","1","20","8","3","25.000","13.000","53.000","1737.499","1325.000","2.000","10","80.000","102.000","120.000","3","0000-00-00 00:00:00"
"318","1","5","1","10","22","19","4","27.000","24.000","54.000","1544.515","1690.000","3.000","6","80.000","131.000","120.000","6","0000-00-00 00:00:00"
"319","1","6","5","1","3","24","0","8.000","29.000","50.000","1812.337","1893.000","1.000","2","80.000","140.000","120.000","10","0000-00-00 00:00:00"
"320","1","9","9","6","4","3","4","9.000","8.000","54.000","632.082","746.000","1.000","6","80.000","106.000","120.000","6","0000-00-00 00:00:00"
"321","1","1","10","8","26","11","2","31.000","16.000","52.000","1831.050","605.000","2.000","3","80.000","114.000","120.000","6","0000-00-00 00:00:00"
"322","1","10","4","10","2","26","2","7.000","31.000","52.000","1006.418","1748.000","3.000","9","80.000","140.000","120.000","4","0000-00-00 00:00:00"
"323","1","2","7","1","37","16","3","42.000","21.000","53.000","1372.637","1028.000","1.000","10","80.000","112.000","120.000","6","0000-00-00 00:00:00"
"324","1","3","3","4","6","15","0","11.000","20.000","50.000","955.131","1137.000","2.000","1","80.000","130.000","120.000","6","0000-00-00 00:00:00"
"325","1","4","10","4","31","8","3","36.000","13.000","53.000","703.234","1572.000","2.000","4","80.000","122.000","120.000","6","0000-00-00 00:00:00"
"326","1","8","8","8","3","23","2","8.000","28.000","52.000","723.075","828.000","2.000","10","80.000","109.000","120.000","4","0000-00-00 00:00:00"
"327","1","2","2","3","24","5","4","29.000","10.000","54.000","740.388","900.000","1.000","9","80.000","112.000","120.000","2","0000-00-00 00:00:00"
"328","1","10","2","1","37","8","2","42.000","13.000","52.000","872.994","918.000","2.000","4","80.000","133.000","120.000","5","0000-00-00 00:00:00"
"329","1","7","10","6","39","25","2","44.000","30.000","52.000","799.424","1207.000","2.000","7","80.000","120.000","120.000","4","0000-00-00 00:00:00"
"330","1","10","8","1","6","25","0","11.000","30.000","50.000","1271.432","1220.000","1.000","5","80.000","101.000","120.000","4","0000-00-00 00:00:00"
"331","1","8","1","10","11","14","2","16.000","19.000","52.000","1131.925","1159.000","3.000","7","80.000","140.000","120.000","2","0000-00-00 00:00:00"
"332","1","9","3","6","34","27","4","39.000","32.000","54.000","891.757","1229.000","3.000","10","80.000","137.000","120.000","5","0000-00-00 00:00:00"
"333","1","2","3","2","25","25","1","30.000","30.000","51.000","1186.626","1679.000","3.000","5","80.000","137.000","120.000","7","0000-00-00 00:00:00"
"334","1","4","9","9","35","17","2","40.000","22.000","52.000","1371.110","1559.000","2.000","2","80.000","126.000","120.000","3","0000-00-00 00:00:00"
"335","1","7","3","4","30","15","4","35.000","20.000","54.000","1630.671","1345.000","2.000","8","80.000","147.000","120.000","3","0000-00-00 00:00:00"
"336","1","3","2","2","17","6","3","22.000","11.000","53.000","756.440","1801.000","2.000","4","80.000","130.000","120.000","6","0000-00-00 00:00:00"
"337","1","1","1","2","14","23","2","19.000","28.000","52.000","1139.947","1375.000","2.000","2","80.000","132.000","120.000","2","0000-00-00 00:00:00"
"338","1","8","1","4","35","12","0","40.000","17.000","50.000","642.559","844.000","1.000","6","80.000","136.000","120.000","8","0000-00-00 00:00:00"
"339","1","8","6","4","22","9","2","27.000","14.000","52.000","1511.320","1039.000","1.000","9","80.000","143.000","120.000","4","0000-00-00 00:00:00"
"340","1","3","8","6","15","29","2","20.000","34.000","52.000","1076.056","1163.000","3.000","9","80.000","109.000","120.000","6","0000-00-00 00:00:00"
"341","1","6","4","10","4","12","3","9.000","17.000","53.000","916.520","1812.000","2.000","3","80.000","102.000","120.000","8","0000-00-00 00:00:00"
"342","1","4","4","4","34","14","4","39.000","19.000","54.000","1258.537","853.000","1.000","5","80.000","139.000","120.000","2","0000-00-00 00:00:00"
"343","1","9","1","2","27","7","3","32.000","12.000","53.000","1882.399","1421.000","1.000","9","80.000","139.000","120.000","2","0000-00-00 00:00:00"
"344","1","1","7","9","9","14","0","14.000","19.000","50.000","1260.695","1591.000","3.000","6","80.000","144.000","120.000","5","0000-00-00 00:00:00"
"345","1","4","7","9","38","20","1","43.000","25.000","51.000","1959.088","641.000","1.000","9","80.000","144.000","120.000","3","0000-00-00 00:00:00"
"346","1","5","10","6","8","15","4","13.000","20.000","54.000","615.092","849.000","2.000","1","80.000","113.000","120.000","3","0000-00-00 00:00:00"
"347","1","6","5","3","14","9","1","19.000","14.000","51.000","1776.999","632.000","2.000","2","80.000","129.000","120.000","5","0000-00-00 00:00:00"
"348","1","3","6","9","13","1","4","18.000","6.000","54.000","981.939","1083.000","2.000","9","80.000","130.000","120.000","5","0000-00-00 00:00:00"
"349","1","2","7","2","25","3","2","30.000","8.000","52.000","1118.228","1094.000","3.000","1","80.000","110.000","120.000","7","0000-00-00 00:00:00"
"350","1","3","8","5","4","17","4","9.000","22.000","54.000","1575.562","1458.000","1.000","9","80.000","103.000","120.000","9","0000-00-00 00:00:00"
"351","1","5","3","5","21","6","3","26.000","11.000","53.000","1063.043","712.000","2.000","9","80.000","122.000","120.000","8","0000-00-00 00:00:00"
"352","1","10","5","2","16","4","2","21.000","9.000","52.000","808.769","1955.000","1.000","2","80.000","141.000","120.000","1","0000-00-00 00:00:00"
"353","1","10","1","10","24","16","0","29.000","21.000","50.000","1652.360","1733.000","3.000","2","80.000","111.000","120.000","1","0000-00-00 00:00:00"
"354","1","7","6","8","2","23","1","7.000","28.000","51.000","1434.754","673.000","3.000","4","80.000","143.000","120.000","6","0000-00-00 00:00:00"
"355","1","5","5","1","16","10","1","21.000","15.000","51.000","1028.346","1941.000","2.000","10","80.000","102.000","120.000","9","0000-00-00 00:00:00"
"356","1","4","6","2","25","5","1","30.000","10.000","51.000","1947.554","1533.000","3.000","5","80.000","123.000","120.000","3","0000-00-00 00:00:00"
"357","1","1","7","10","11","2","3","16.000","7.000","53.000","918.564","1032.000","2.000","9","80.000","105.000","120.000","6","0000-00-00 00:00:00"
"358","1","3","6","2","8","2","2","13.000","7.000","52.000","1010.222","1497.000","1.000","8","80.000","150.000","120.000","10","0000-00-00 00:00:00"
"359","1","8","6","1","10","28","0","15.000","33.000","50.000","966.660","970.000","3.000","3","80.000","104.000","120.000","8","0000-00-00 00:00:00"
"360","1","5","2","9","32","12","3","37.000","17.000","53.000","1878.684","1952.000","3.000","1","80.000","150.000","120.000","7","0000-00-00 00:00:00"
"361","1","8","9","7","40","11","0","45.000","16.000","50.000","730.532","1181.000","1.000","9","80.000","102.000","120.000","1","0000-00-00 00:00:00"
"362","1","8","7","2","36","5","3","41.000","10.000","53.000","1387.124","1014.000","3.000","2","80.000","132.000","120.000","9","0000-00-00 00:00:00"
"363","1","5","8","5","17","14","3","22.000","19.000","53.000","1760.862","1206.000","3.000","10","80.000","116.000","120.000","5","0000-00-00 00:00:00"
"364","1","4","4","6","20","30","4","25.000","35.000","54.000","870.513","1597.000","3.000","3","80.000","126.000","120.000","2","0000-00-00 00:00:00"
"365","1","8","2","5","9","17","1","14.000","22.000","51.000","1341.600","1478.000","1.000","7","80.000","114.000","120.000","10","0000-00-00 00:00:00"
"366","1","7","8","6","34","16","4","39.000","21.000","54.000","1689.783","1412.000","2.000","1","80.000","135.000","120.000","1","0000-00-00 00:00:00"
"367","1","7","6","2","22","6","2","27.000","11.000","52.000","617.101","1749.000","1.000","3","80.000","147.000","120.000","3","0000-00-00 00:00:00"
"368","1","2","9","9","24","18","0","29.000","23.000","50.000","1080.963","1077.000","3.000","3","80.000","124.000","120.000","1","0000-00-00 00:00:00"
"369","1","4","7","9","13","13","1","18.000","18.000","51.000","1687.017","1474.000","1.000","7","80.000","130.000","120.000","10","0000-00-00 00:00:00"
"370","1","7","9","2","22","21","0","27.000","26.000","50.000","1619.318","1895.000","2.000","5","80.000","118.000","120.000","9","0000-00-00 00:00:00"
"371","1","6","5","4","20","17","2","25.000","22.000","52.000","1074.757","773.000","2.000","4","80.000","111.000","120.000","1","0000-00-00 00:00:00"
"372","1","1","1","3","36","29","4","41.000","34.000","54.000","680.036","1006.000","3.000","8","80.000","138.000","120.000","7","0000-00-00 00:00:00"
"373","1","9","5","8","37","5","0","42.000","10.000","50.000","761.202","1167.000","2.000","1","80.000","101.000","120.000","4","0000-00-00 00:00:00"
"374","1","4","7","9","34","28","3","39.000","33.000","53.000","1350.163","1817.000","2.000","4","80.000","101.000","120.000","7","0000-00-00 00:00:00"
"375","1","8","3","10","8","3","0","13.000","8.000","50.000","1551.587","1006.000","3.000","8","80.000","147.000","120.000","3","0000-00-00 00:00:00"
"376","1","9","3","1","30","18","1","35.000","23.000","51.000","1223.279","1411.000","1.000","8","80.000","125.000","120.000","3","0000-00-00 00:00:00"
"377","1","5","4","7","3","11","3","8.000","16.000","53.000","949.004","1538.000","2.000","9","80.000","129.000","120.000","10","0000-00-00 00:00:00"
"378","1","6","9","4","33","29","1","38.000","34.000","51.000","1656.384","1676.000","2.000","10","80.000","132.000","120.000","5","0000-00-00 00:00:00"
"379","1","9","6","10","14","17","2","19.000","22.000","52.000","1000.853","1399.000","3.000","5","80.000","136.000","120.000","5","0000-00-00 00:00:00"
"380","1","10","5","4","18","28","3","23.000","33.000","53.000","1738.667","1845.000","2.000","5","80.000","101.000","120.000","7","0000-00-00 00:00:00"
"381","1","9","10","7","31","7","1","36.000","12.000","51.000","1438.725","1354.000","1.000","1","80.000","130.000","120.000","4","0000-00-00 00:00:00"
"382","1","8","6","4","34","18","0","39.000","23.000","50.000","724.719","1864.000","1.000","8","80.000","140.000","120.000","6","0000-00-00 00:00:00"
"383","1","2","1","2","27","10","2","32.000","15.000","52.000","1546.010","674.000","2.000","2","80.000","126.000","120.000","6","0000-00-00 00:00:00"
"384","1","1","1","8","13","1","3","18.000","6.000","53.000","1319.518","1350.000","2.000","7","80.000","106.000","120.000","9","0000-00-00 00:00:00"
"385","1","7","6","3","7","16","4","12.000","21.000","54.000","1723.670","1503.000","3.000","10","80.000","133.000","120.000","8","0000-00-00 00:00:00"
"386","1","3","8","6","33","29","4","38.000","34.000","54.000","978.641","1047.000","3.000","10","80.000","138.000","120.000","8","0000-00-00 00:00:00"
"387","1","1","2","6","7","21","4","12.000","26.000","54.000","1504.511","1160.000","1.000","1","80.000","124.000","120.000","6","0000-00-00 00:00:00"
"388","1","10","10","10","38","15","3","43.000","20.000","53.000","1771.771","1835.000","1.000","5","80.000","130.000","120.000","5","0000-00-00 00:00:00"
"389","1","2","5","7","32","8","2","37.000","13.000","52.000","1814.082","924.000","1.000","4","80.000","115.000","120.000","7","0000-00-00 00:00:00"
"390","1","6","3","5","23","15","3","28.000","20.000","53.000","1035.398","1673.000","1.000","5","80.000","140.000","120.000","7","0000-00-00 00:00:00"
"391","1","3","4","4","2","11","2","7.000","16.000","52.000","1573.698","1338.000","2.000","8","80.000","122.000","120.000","9","0000-00-00 00:00:00"
"392","1","8","6","1","5","1","0","10.000","6.000","50.000","1546.380","1885.000","3.000","4","80.000","139.000","120.000","3","0000-00-00 00:00:00"
"393","1","9","7","3","35","5","0","40.000","10.000","50.000","1765.638","1876.000","2.000","3","80.000","145.000","120.000","1","0000-00-00 00:00:00"
"394","1","7","1","10","23","1","3","28.000","6.000","53.000","1418.598","1684.000","3.000","5","80.000","114.000","120.000","9","0000-00-00 00:00:00"
"395","1","9","9","5","32","4","4","37.000","9.000","54.000","1036.803","962.000","1.000","10","80.000","147.000","120.000","8","0000-00-00 00:00:00"
"396","1","1","2","3","28","5","4","33.000","10.000","54.000","1972.582","1852.000","2.000","8","80.000","122.000","120.000","5","0000-00-00 00:00:00"
"397","1","7","1","10","31","28","0","36.000","33.000","50.000","1815.709","1173.000","1.000","8","80.000","107.000","120.000","4","0000-00-00 00:00:00"
"398","1","8","4","5","5","29","4","10.000","34.000","54.000","1975.575","1051.000","1.000","3","80.000","131.000","120.000","4","0000-00-00 00:00:00"
"399","1","6","3","8","4","2","4","9.000","7.000","54.000","1492.328","784.000","1.000","3","80.000","111.000","120.000","5","0000-00-00 00:00:00"
"400","1","6","5","7","12","4","2","17.000","9.000","52.000","1341.013","868.000","3.000","2","80.000","107.000","120.000","8","0000-00-00 00:00:00"
"401","1","6","1","8","30","20","4","35.000","25.000","54.000","1917.029","703.000","2.000","8","80.000","134.000","120.000","7","0000-00-00 00:00:00"
"402","1","2","9","4","34","13","2","39.000","18.000","52.000","1410.362","997.000","3.000","7","80.000","143.000","120.000","10","0000-00-00 00:00:00"
"403","1","3","1","7","40","26","3","45.000","31.000","53.000","702.216","1140.000","2.000","4","80.000","147.000","120.000","10","0000-00-00 00:00:00"
"404","1","9","8","2","24","28","0","29.000","33.000","50.000","948.152","1672.000","1.000","6","80.000","136.000","120.000","2","0000-00-00 00:00:00"
"405","1","4","9","3","29","17","1","34.000","22.000","51.000","988.484","681.000","1.000","4","80.000","125.000","120.000","2","0000-00-00 00:00:00"
"406","1","8","1","8","11","19","1","16.000","24.000","51.000","1654.499","857.000","2.000","3","80.000","101.000","120.000","9","0000-00-00 00:00:00"
"407","1","2","4","9","16","21","1","21.000","26.000","51.000","1731.052","624.000","1.000","6","80.000","149.000","120.000","7","0000-00-00 00:00:00"
"408","1","10","7","6","27","8","2","32.000","13.000","52.000","1424.820","1851.000","2.000","9","80.000","132.000","120.000","10","0000-00-00 00:00:00"
"409","1","1","10","1","10","14","0","15.000","19.000","50.000","1268.111","1005.000","3.000","1","80.000","118.000","120.000","1","0000-00-00 00:00:00"
"410","1","8","10","10","21","6","0","26.000","11.000","50.000","1198.628","1773.000","1.000","4","80.000","108.000","120.000","8","0000-00-00 00:00:00"
"411","1","4","9","10","10","16","4","15.000","21.000","54.000","1172.516","951.000","2.000","10","80.000","147.000","120.000","8","0000-00-00 00:00:00"
"412","1","2","9","6","28","29","3","33.000","34.000","53.000","1750.724","1566.000","2.000","8","80.000","141.000","120.000","3","0000-00-00 00:00:00"
"413","1","2","6","4","23","3","3","28.000","8.000","53.000","1596.311","1679.000","2.000","1","80.000","125.000","120.000","9","0000-00-00 00:00:00"
"414","1","1","8","4","18","3","0","23.000","8.000","50.000","1747.129","652.000","2.000","10","80.000","141.000","120.000","6","0000-00-00 00:00:00"
"415","1","5","7","1","13","25","2","18.000","30.000","52.000","1121.074","1509.000","2.000","6","80.000","127.000","120.000","8","0000-00-00 00:00:00"
"416","1","9","3","3","32","21","3","37.000","26.000","53.000","879.787","1921.000","1.000","6","80.000","148.000","120.000","6","0000-00-00 00:00:00"
"417","1","6","5","8","30","7","4","35.000","12.000","54.000","775.157","717.000","1.000","6","80.000","125.000","120.000","5","0000-00-00 00:00:00"
"418","1","5","8","5","31","1","0","36.000","6.000","50.000","1959.842","835.000","1.000","2","80.000","105.000","120.000","2","0000-00-00 00:00:00"
"419","1","10","5","7","1","11","0","6.000","16.000","50.000","1565.431","739.000","2.000","1","80.000","126.000","120.000","4","0000-00-00 00:00:00"
"420","1","7","9","4","24","9","2","29.000","14.000","52.000","866.649","1770.000","1.000","1","80.000","111.000","120.000","9","0000-00-00 00:00:00"
"421","1","9","6","5","6","15","1","11.000","20.000","51.000","1016.492","930.000","2.000","4","80.000","135.000","120.000","7","0000-00-00 00:00:00"
"422","1","9","7","10","5","6","2","10.000","11.000","52.000","1214.925","1786.000","1.000","7","80.000","148.000","120.000","8","0000-00-00 00:00:00"
"423","1","1","10","10","22","20","3","27.000","25.000","53.000","1488.040","1369.000","1.000","9","80.000","140.000","120.000","6","0000-00-00 00:00:00"
"424","1","9","4","1","4","12","4","9.000","17.000","54.000","1280.079","795.000","1.000","1","80.000","104.000","120.000","9","0000-00-00 00:00:00"
"425","1","7","1","8","27","16","0","32.000","21.000","50.000","1471.439","958.000","1.000","5","80.000","143.000","120.000","1","0000-00-00 00:00:00"
"426","1","7","7","9","25","23","3","30.000","28.000","53.000","1219.264","1768.000","1.000","7","80.000","122.000","120.000","8","0000-00-00 00:00:00"
"427","1","6","7","7","22","16","1","27.000","21.000","51.000","1434.737","893.000","2.000","5","80.000","140.000","120.000","4","0000-00-00 00:00:00"
"428","1","8","10","5","29","13","4","34.000","18.000","54.000","1091.960","1263.000","2.000","4","80.000","129.000","120.000","1","0000-00-00 00:00:00"
"429","1","10","5","1","12","15","2","17.000","20.000","52.000","1294.108","1002.000","2.000","4","80.000","143.000","120.000","5","0000-00-00 00:00:00"
"430","1","10","3","6","1","29","3","6.000","34.000","53.000","766.548","1199.000","1.000","6","80.000","125.000","120.000","6","0000-00-00 00:00:00"
"431","1","2","3","4","21","18","0","26.000","23.000","50.000","1213.567","703.000","1.000","5","80.000","122.000","120.000","1","0000-00-00 00:00:00"
"432","1","5","1","4","16","17","2","21.000","22.000","52.000","1514.861","1111.000","1.000","6","80.000","122.000","120.000","9","0000-00-00 00:00:00"
"433","1","4","8","1","17","10","4","22.000","15.000","54.000","1484.885","908.000","1.000","3","80.000","122.000","120.000","8","0000-00-00 00:00:00"
"434","1","5","4","9","4","10","3","9.000","15.000","53.000","1259.115","1982.000","1.000","4","80.000","131.000","120.000","2","0000-00-00 00:00:00"
"435","1","4","3","1","27","25","2","32.000","30.000","52.000","643.193","1575.000","3.000","5","80.000","102.000","120.000","6","0000-00-00 00:00:00"
"436","1","7","3","8","22","6","1","27.000","11.000","51.000","1852.909","1631.000","1.000","8","80.000","135.000","120.000","1","0000-00-00 00:00:00"
"437","1","4","7","7","39","14","2","44.000","19.000","52.000","1773.536","1142.000","1.000","1","80.000","119.000","120.000","3","0000-00-00 00:00:00"
"438","1","6","3","9","8","13","3","13.000","18.000","53.000","612.395","653.000","2.000","5","80.000","125.000","120.000","1","0000-00-00 00:00:00"
"439","1","4","6","7","34","30","0","39.000","35.000","50.000","1493.946","1833.000","3.000","1","80.000","107.000","120.000","4","0000-00-00 00:00:00"
"440","1","8","9","1","5","7","3","10.000","12.000","53.000","1475.253","1880.000","1.000","4","80.000","120.000","120.000","1","0000-00-00 00:00:00"
"441","1","2","1","1","19","20","1","24.000","25.000","51.000","1529.688","1608.000","1.000","9","80.000","110.000","120.000","5","0000-00-00 00:00:00"
"442","1","5","10","9","39","11","3","44.000","16.000","53.000","1475.478","846.000","2.000","3","80.000","101.000","120.000","1","0000-00-00 00:00:00"
"443","1","1","10","2","14","9","4","19.000","14.000","54.000","727.368","898.000","1.000","1","80.000","150.000","120.000","3","0000-00-00 00:00:00"
"444","1","8","8","5","16","3","4","21.000","8.000","54.000","1366.942","1514.000","1.000","9","80.000","116.000","120.000","5","0000-00-00 00:00:00"
"445","1","8","3","2","16","7","0","21.000","12.000","50.000","1040.967","1449.000","2.000","1","80.000","135.000","120.000","6","0000-00-00 00:00:00"
"446","1","6","2","2","2","12","2","7.000","17.000","52.000","1295.395","1198.000","2.000","8","80.000","102.000","120.000","5","0000-00-00 00:00:00"
"447","1","1","9","7","32","21","3","37.000","26.000","53.000","1665.763","1978.000","3.000","4","80.000","128.000","120.000","1","0000-00-00 00:00:00"
"448","1","7","7","7","20","4","2","25.000","9.000","52.000","963.263","1945.000","1.000","1","80.000","136.000","120.000","5","0000-00-00 00:00:00"
"449","1","5","5","1","15","27","3","20.000","32.000","53.000","1180.321","808.000","2.000","6","80.000","129.000","120.000","6","0000-00-00 00:00:00"
"450","1","2","8","2","34","29","2","39.000","34.000","52.000","1907.818","1901.000","2.000","10","80.000","125.000","120.000","3","0000-00-00 00:00:00"
"451","1","5","5","7","37","4","0","42.000","9.000","50.000","1810.625","1971.000","3.000","10","80.000","139.000","120.000","8","0000-00-00 00:00:00"
"452","1","8","4","6","15","21","4","20.000","26.000","54.000","1186.399","1410.000","2.000","4","80.000","139.000","120.000","8","0000-00-00 00:00:00"
"453","1","4","5","1","13","18","2","18.000","23.000","52.000","1101.470","1995.000","1.000","2","80.000","108.000","120.000","3","0000-00-00 00:00:00"
"454","1","4","6","4","20","3","2","25.000","8.000","52.000","703.021","1905.000","3.000","1","80.000","138.000","120.000","4","0000-00-00 00:00:00"
"455","1","8","3","3","24","15","0","29.000","20.000","50.000","1735.787","1811.000","1.000","1","80.000","149.000","120.000","9","0000-00-00 00:00:00"
"456","1","6","2","4","38","3","3","43.000","8.000","53.000","1695.204","946.000","1.000","3","80.000","125.000","120.000","2","0000-00-00 00:00:00"
"457","1","1","1","10","34","17","4","39.000","22.000","54.000","1982.962","1636.000","2.000","4","80.000","129.000","120.000","9","0000-00-00 00:00:00"
"458","1","4","7","9","8","26","0","13.000","31.000","50.000","1591.598","1136.000","2.000","10","80.000","103.000","120.000","6","0000-00-00 00:00:00"
"459","1","2","10","7","31","27","4","36.000","32.000","54.000","1570.188","774.000","1.000","5","80.000","115.000","120.000","6","0000-00-00 00:00:00"
"460","1","7","9","9","17","22","1","22.000","27.000","51.000","1422.411","1900.000","1.000","7","80.000","107.000","120.000","4","0000-00-00 00:00:00"
"461","1","9","5","1","18","11","3","23.000","16.000","53.000","1993.705","1522.000","1.000","1","80.000","133.000","120.000","6","0000-00-00 00:00:00"
"462","1","1","7","7","11","29","4","16.000","34.000","54.000","806.351","744.000","3.000","3","80.000","119.000","120.000","5","0000-00-00 00:00:00"
"463","1","7","6","9","40","24","0","45.000","29.000","50.000","1705.001","989.000","2.000","4","80.000","105.000","120.000","6","0000-00-00 00:00:00"
"464","1","4","7","10","15","10","1","20.000","15.000","51.000","1682.899","695.000","3.000","2","80.000","146.000","120.000","7","0000-00-00 00:00:00"
"465","1","2","9","8","26","6","2","31.000","11.000","52.000","1822.617","1931.000","2.000","10","80.000","116.000","120.000","9","0000-00-00 00:00:00"
"466","1","10","9","2","10","19","4","15.000","24.000","54.000","868.205","1909.000","1.000","6","80.000","112.000","120.000","4","0000-00-00 00:00:00"
"467","1","9","1","4","32","30","0","37.000","35.000","50.000","1349.039","743.000","1.000","9","80.000","105.000","120.000","10","0000-00-00 00:00:00"
"468","1","10","5","8","26","10","1","31.000","15.000","51.000","1609.365","1576.000","3.000","1","80.000","130.000","120.000","6","0000-00-00 00:00:00"
"469","1","3","9","2","13","7","1","18.000","12.000","51.000","1319.216","1767.000","3.000","5","80.000","143.000","120.000","3","0000-00-00 00:00:00"
"470","1","9","1","3","18","9","4","23.000","14.000","54.000","1255.208","1941.000","3.000","5","80.000","114.000","120.000","1","0000-00-00 00:00:00"
"471","1","6","1","5","19","4","3","24.000","9.000","53.000","1529.410","1465.000","1.000","4","80.000","142.000","120.000","3","0000-00-00 00:00:00"
"472","1","10","4","10","12","16","4","17.000","21.000","54.000","1700.470","1413.000","2.000","2","80.000","129.000","120.000","7","0000-00-00 00:00:00"
"473","1","5","4","10","10","17","1","15.000","22.000","51.000","1551.591","950.000","2.000","6","80.000","112.000","120.000","3","0000-00-00 00:00:00"
"474","1","5","9","6","27","5","1","32.000","10.000","51.000","1198.282","1105.000","1.000","1","80.000","131.000","120.000","7","0000-00-00 00:00:00"
"475","1","4","2","3","26","4","1","31.000","9.000","51.000","1987.940","1626.000","1.000","2","80.000","148.000","120.000","4","0000-00-00 00:00:00"
"476","1","1","6","8","21","13","1","26.000","18.000","51.000","1232.425","834.000","3.000","8","80.000","111.000","120.000","3","0000-00-00 00:00:00"
"477","1","8","7","3","26","5","1","31.000","10.000","51.000","1193.803","968.000","2.000","1","80.000","136.000","120.000","8","0000-00-00 00:00:00"
"478","1","7","7","6","20","24","4","25.000","29.000","54.000","1024.694","639.000","1.000","6","80.000","104.000","120.000","1","0000-00-00 00:00:00"
"479","1","3","8","1","25","27","2","30.000","32.000","52.000","621.872","1115.000","2.000","6","80.000","129.000","120.000","6","0000-00-00 00:00:00"
"480","1","2","4","2","18","17","1","23.000","22.000","51.000","1297.889","1445.000","2.000","3","80.000","126.000","120.000","2","0000-00-00 00:00:00"
"481","1","8","10","3","25","12","4","30.000","17.000","54.000","1401.499","1122.000","3.000","4","80.000","132.000","120.000","5","0000-00-00 00:00:00"
"482","1","6","1","8","15","21","0","20.000","26.000","50.000","1536.835","629.000","1.000","9","80.000","131.000","120.000","4","0000-00-00 00:00:00"
"483","1","1","1","5","22","27","3","27.000","32.000","53.000","933.550","937.000","3.000","9","80.000","141.000","120.000","9","0000-00-00 00:00:00"
"484","1","7","9","8","40","17","0","45.000","22.000","50.000","636.350","1861.000","1.000","8","80.000","106.000","120.000","6","0000-00-00 00:00:00"
"485","1","8","7","1","28","28","4","33.000","33.000","54.000","654.565","1934.000","1.000","8","80.000","108.000","120.000","2","0000-00-00 00:00:00"
"486","1","4","2","9","8","11","4","13.000","16.000","54.000","1008.862","1022.000","3.000","3","80.000","123.000","120.000","6","0000-00-00 00:00:00"
"487","1","7","1","9","30","22","3","35.000","27.000","53.000","1908.382","1928.000","3.000","10","80.000","129.000","120.000","1","0000-00-00 00:00:00"
"488","1","2","6","4","40","19","3","45.000","24.000","53.000","804.416","907.000","1.000","9","80.000","131.000","120.000","5","0000-00-00 00:00:00"
"489","1","5","1","2","6","9","1","11.000","14.000","51.000","821.442","794.000","2.000","5","80.000","116.000","120.000","2","0000-00-00 00:00:00"
"490","1","3","2","10","31","24","0","36.000","29.000","50.000","607.034","1366.000","2.000","7","80.000","141.000","120.000","1","0000-00-00 00:00:00"
"491","1","4","10","4","30","30","3","35.000","35.000","53.000","1898.749","1780.000","2.000","7","80.000","149.000","120.000","5","0000-00-00 00:00:00"
"492","1","3","2","1","30","18","0","35.000","23.000","50.000","1520.267","1505.000","2.000","4","80.000","148.000","120.000","4","0000-00-00 00:00:00"
"493","1","7","4","3","20","18","1","25.000","23.000","51.000","877.406","1303.000","1.000","2","80.000","113.000","120.000","10","0000-00-00 00:00:00"
"494","1","6","8","6","24","10","1","29.000","15.000","51.000","1340.549","1438.000","1.000","2","80.000","113.000","120.000","10","0000-00-00 00:00:00"
"495","1","1","9","8","39","22","0","44.000","27.000","50.000","848.490","1800.000","2.000","9","80.000","129.000","120.000","1","0000-00-00 00:00:00"
"496","1","2","5","5","36","19","0","41.000","24.000","50.000","745.517","1481.000","2.000","8","80.000","131.000","120.000","2","0000-00-00 00:00:00"
"497","1","10","10","10","29","2","3","34.000","7.000","53.000","1488.094","607.000","1.000","6","80.000","120.000","120.000","8","0000-00-00 00:00:00"
"498","1","1","4","7","33","4","4","38.000","9.000","54.000","1027.426","802.000","3.000","1","80.000","109.000","120.000","10","0000-00-00 00:00:00"
"499","1","2","8","6","19","17","2","24.000","22.000","52.000","1400.368","1474.000","1.000","5","80.000","148.000","120.000","6","0000-00-00 00:00:00"
"500","1","4","8","4","27","11","4","32.000","16.000","54.000","1206.768","1689.000","3.000","7","80.000","138.000","120.000","2","0000-00-00 00:00:00"
